{"cameraMode":{"drawMode":0,"name":"Shaded","section":"Shading Mode"},"sceneLighting":true,"audioPlay":false,"sceneViewState":{"m_AlwaysRefresh":false,"showFog":true,"showSkybox":true,"showFlares":true,"showImageEffects":true,"showParticleSystems":true,"showVisualEffectGraphs":true,"m_FxEnabled":true},"in2DMode":false,"pivot":{"x":3.44305419921875,"y":1.9525911808013917,"z":-5.915890693664551},"rotation":{"x":-0.006150453817099333,"y":-0.7300224900245667,"z":-0.006570336874574423,"w":0.6833635568618774},"size":16.296838760375978,"orthographic":false}