{"cameraMode":{"drawMode":0,"name":"Shaded","section":"Shading Mode"},"sceneLighting":true,"audioPlay":false,"sceneViewState":{"m_AlwaysRefresh":false,"showFog":true,"showSkybox":true,"showFlares":true,"showImageEffects":true,"showParticleSystems":true,"showVisualEffectGraphs":true,"m_FxEnabled":true},"in2DMode":false,"pivot":{"x":0.8075981140136719,"y":-0.4188058376312256,"z":-10.320966720581055},"rotation":{"x":-0.06980691850185394,"y":0.8025139570236206,"z":-0.09579648822546005,"w":-0.5847549438476563},"size":8.480791091918946,"orthographic":false}