{"cameraMode":{"drawMode":0,"name":"Shaded","section":"Shading Mode"},"sceneLighting":true,"audioPlay":false,"sceneViewState":{"m_AlwaysRefresh":false,"showFog":true,"showSkybox":true,"showFlares":true,"showImageEffects":true,"showParticleSystems":true,"showVisualEffectGraphs":true,"m_FxEnabled":true},"in2DMode":false,"pivot":{"x":22.90700340270996,"y":-4.529479026794434,"z":-26.091672897338868},"rotation":{"x":0.030414659529924394,"y":0.9670631885528565,"z":-0.2106771469116211,"w":0.13963459432125092},"size":15.187726974487305,"orthographic":false}