{"cameraMode":{"drawMode":0,"name":"Shaded","section":"Shading Mode"},"sceneLighting":true,"audioPlay":false,"sceneViewState":{"m_AlwaysRefresh":false,"showFog":true,"showSkybox":true,"showFlares":true,"showImageEffects":true,"showParticleSystems":true,"showVisualEffectGraphs":true,"m_FxEnabled":true},"in2DMode":false,"pivot":{"x":13.462263107299805,"y":15.757078170776368,"z":49.97954559326172},"rotation":{"x":-0.07930053025484085,"y":0.05380324646830559,"z":0.004286390263587236,"w":0.9953883290290833},"size":37.287986755371097,"orthographic":false}