{"cameraMode":{"drawMode":0,"name":"Shaded","section":"Shading Mode"},"sceneLighting":true,"audioPlay":false,"sceneViewState":{"m_AlwaysRefresh":false,"showFog":true,"showSkybox":true,"showFlares":true,"showImageEffects":true,"showParticleSystems":true,"showVisualEffectGraphs":true,"m_FxEnabled":true},"in2DMode":false,"pivot":{"x":-23.569686889648439,"y":-0.8659019470214844,"z":-57.69919967651367},"rotation":{"x":-0.007764467038214207,"y":0.9626772999763489,"z":-0.027741439640522004,"w":-0.26920539140701296},"size":32.05067443847656,"orthographic":false}