{"cameraMode":{"drawMode":0,"name":"Shaded","section":"Shading Mode"},"sceneLighting":true,"audioPlay":false,"sceneViewState":{"m_AlwaysRefresh":false,"showFog":true,"showSkybox":true,"showFlares":true,"showImageEffects":true,"showParticleSystems":true,"showVisualEffectGraphs":true,"m_FxEnabled":true},"in2DMode":false,"pivot":{"x":12.613317489624024,"y":1.8351433277130128,"z":-13.497064590454102},"rotation":{"x":0.019049424678087236,"y":-0.7083336114883423,"z":0.01912936195731163,"w":0.7053627371788025},"size":1.1783034801483155,"orthographic":false}